timestamp,open,high,low,close,volume
2025-06-19 19:30:00,104298.92,104298.93,104126.98,104186.06,107.88764
2025-06-19 19:45:00,104186.07,104300.59,104186.06,104250.44,36.06227
2025-06-19 20:00:00,104250.45,104420.0,104250.44,104352.0,37.95699
2025-06-19 20:15:00,104352.0,104496.0,104263.96,104345.44,53.27989
2025-06-19 20:30:00,104345.45,104400.0,104150.71,104150.71,41.77266
2025-06-19 20:45:00,104150.71,104292.0,104150.0,104266.82,28.12476
2025-06-19 21:00:00,104266.83,104321.7,104266.82,104298.01,30.08571
2025-06-19 21:15:00,104298.01,104413.66,104272.22,104326.48,39.62812
2025-06-19 21:30:00,104326.49,104396.0,104228.53,104352.68,86.24598
2025-06-19 21:45:00,104352.68,104396.0,104278.78,104332.45,20.57978
2025-06-19 22:00:00,104332.45,104599.0,104332.45,104533.72,164.66117
2025-06-19 22:15:00,104533.73,104598.99,104443.6,104508.15,49.49846
2025-06-19 22:30:00,104508.16,104750.0,104486.63,104685.53,55.91206
2025-06-19 22:45:00,104685.53,104774.32,104580.0,104596.29,53.79608
2025-06-19 23:00:00,104596.29,104745.53,104463.56,104725.31,51.6088
2025-06-19 23:15:00,104725.3,104898.31,104633.09,104650.18,120.79722
2025-06-19 23:30:00,104650.18,104760.35,104629.63,104725.78,38.96509
2025-06-19 23:45:00,104725.78,104725.78,104651.2,104658.59,25.0248
2025-06-20 00:00:00,104658.59,104800.0,104563.25,104694.63,128.69114
2025-06-20 00:15:00,104694.63,104700.0,104565.43,104576.9,40.30907
2025-06-20 00:30:00,104576.89,104704.91,104573.9,104687.71,26.39759
2025-06-20 00:45:00,104687.72,104820.0,104680.0,104692.74,43.2401
2025-06-20 01:00:00,104692.74,104719.93,104470.76,104539.64,33.90196
2025-06-20 01:15:00,104539.64,104566.67,104391.38,104406.42,55.13585
2025-06-20 01:30:00,104406.43,104586.64,104406.42,104568.09,49.74337
2025-06-20 01:45:00,104568.1,104797.06,104568.09,104778.5,40.52022
2025-06-20 02:00:00,104778.5,104800.0,104702.09,104702.1,26.66791
2025-06-20 02:15:00,104702.1,104774.67,104681.08,104684.08,159.44962
2025-06-20 02:30:00,104684.08,104684.08,104496.5,104575.8,137.28212
2025-06-20 02:45:00,104575.8,104643.87,104534.68,104628.0,55.05591
2025-06-20 03:00:00,104628.0,104628.0,104511.0,104569.3,51.481
2025-06-20 03:15:00,104569.29,104700.0,104560.0,104690.91,70.47861
2025-06-20 03:30:00,104690.91,104690.91,104591.02,104624.88,61.21462
2025-06-20 03:45:00,104624.87,104649.44,104596.63,104596.63,46.88826
2025-06-20 04:00:00,104596.64,104600.0,104550.74,104552.9,26.90245
2025-06-20 04:15:00,104552.89,104579.92,104453.67,104484.0,74.94751
2025-06-20 04:30:00,104484.0,104500.41,104300.01,104345.74,78.49639
2025-06-20 04:45:00,104345.73,104356.16,104238.02,104258.59,52.87383
2025-06-20 05:00:00,104258.59,104364.23,104258.59,104360.0,86.56852
2025-06-20 05:15:00,104360.0,104380.0,104276.98,104336.27,52.72265
2025-06-20 05:30:00,104336.28,104495.54,104305.69,104485.0,83.04947
2025-06-20 05:45:00,104484.99,104585.99,104484.99,104584.68,103.73674
2025-06-20 06:00:00,104584.68,104769.25,104584.68,104678.71,67.6196
2025-06-20 06:15:00,104678.72,104734.61,104635.47,104689.26,53.47586
2025-06-20 06:30:00,104689.26,104763.8,104682.05,104761.85,57.49085
2025-06-20 06:45:00,104761.85,104761.86,104688.47,104719.86,56.37413
2025-06-20 07:00:00,104719.86,104744.0,104648.46,104743.99,44.80639
2025-06-20 07:15:00,104743.99,105220.0,104743.99,105178.85,374.71458
2025-06-20 07:30:00,105178.85,105500.0,105167.59,105468.29,317.11881
2025-06-20 07:45:00,105468.3,105825.66,105404.19,105811.74,347.17239
2025-06-20 08:00:00,105811.74,106250.0,105780.76,106239.59,417.26424
2025-06-20 08:15:00,106239.59,106480.0,106236.0,106399.53,518.36748
2025-06-20 08:30:00,106399.53,106524.65,105920.06,105920.07,392.48267
2025-06-20 08:45:00,105920.07,106208.72,105920.06,105959.68,240.69119
2025-06-20 09:00:00,105959.68,106078.85,105778.86,106038.4,193.87101
2025-06-20 09:15:00,106038.41,106045.51,105757.48,105827.9,114.41825
2025-06-20 09:30:00,105827.89,105916.0,105822.3,105916.0,79.00952
2025-06-20 09:45:00,105916.0,105995.08,105882.55,105940.58,88.44928
2025-06-20 10:00:00,105940.57,106034.63,105829.18,105987.87,166.67655
2025-06-20 10:15:00,105987.88,106127.26,105904.48,106019.12,95.02924
2025-06-20 10:30:00,106019.13,106168.35,105989.21,106121.99,115.8043
2025-06-20 10:45:00,106121.98,106172.06,105933.12,105958.87,131.938
2025-06-20 11:00:00,105958.87,106056.26,105939.17,105939.17,56.4571
2025-06-20 11:15:00,105939.18,105948.94,105810.78,105925.06,74.67853
2025-06-20 11:30:00,105925.06,105984.11,105801.09,105984.11,101.64307
2025-06-20 11:45:00,105984.12,106075.14,105962.91,105977.82,76.00621
2025-06-20 12:00:00,105977.82,106050.0,105876.01,105958.27,47.17827
2025-06-20 12:15:00,105958.28,105984.16,105906.89,105941.79,43.4832
2025-06-20 12:30:00,105941.79,106107.69,105924.4,105990.16,63.4491
2025-06-20 12:45:00,105990.15,106071.73,105941.54,105982.89,95.21539
2025-06-20 13:00:00,105982.9,106149.17,105982.89,106050.72,92.23419
2025-06-20 13:15:00,106050.72,106074.44,105940.4,106038.55,166.34026
2025-06-20 13:30:00,106038.55,106116.96,105700.03,105874.05,168.84903
2025-06-20 13:45:00,105874.05,105900.0,105361.62,105674.0,328.03178
2025-06-20 14:00:00,105673.99,105795.39,105430.01,105508.12,126.99791
2025-06-20 14:15:00,105508.12,105696.0,105084.0,105300.38,230.58037
2025-06-20 14:30:00,105300.38,105459.85,104790.97,104881.28,319.07772
2025-06-20 14:45:00,104881.28,104881.28,103888.0,103940.01,861.80729
2025-06-20 15:00:00,103940.01,104385.97,103888.0,104289.27,540.04316
2025-06-20 15:15:00,104289.26,104382.36,104187.27,104262.08,212.25167
2025-06-20 15:30:00,104262.08,104623.34,104012.75,104586.27,190.86091
2025-06-20 15:45:00,104586.03,104586.03,104118.09,104217.99,182.46906
2025-06-20 16:00:00,104218.0,104262.96,104043.55,104085.61,193.40501
2025-06-20 16:15:00,104085.61,104269.64,103900.0,104093.47,218.57359
2025-06-20 16:30:00,104093.46,104196.98,103780.0,103780.01,491.12121
2025-06-20 16:45:00,103780.01,103884.22,103620.01,103670.61,347.41843
2025-06-20 17:00:00,103670.61,103761.84,103481.32,103536.71,321.00508
2025-06-20 17:15:00,103536.72,103536.72,102668.0,102949.49,1134.05736
2025-06-20 17:30:00,102949.49,102949.5,102345.0,102895.94,725.49394
2025-06-20 17:45:00,102895.94,103320.32,102675.96,103279.26,565.95795
2025-06-20 18:00:00,103279.26,103348.61,103037.25,103219.72,325.19724
2025-06-20 18:15:00,103219.72,103428.5,103049.84,103136.33,221.78696
2025-06-20 18:30:00,103136.32,103340.06,103109.32,103205.49,108.61882
2025-06-20 18:45:00,103205.49,103339.99,103100.0,103165.45,137.38169
2025-06-20 19:00:00,103165.44,103234.35,103014.73,103076.0,119.22021
2025-06-20 19:15:00,103075.99,103198.1,103010.41,103118.05,74.87828
2025-06-20 19:30:00,103118.05,103329.3,103118.05,103303.58,80.6637
2025-06-20 19:45:00,103303.59,103495.72,103253.66,103307.22,162.71888
2025-06-20 20:00:00,103307.21,103623.63,103300.11,103592.99,225.87759
2025-06-20 20:15:00,103593.0,103828.0,103420.0,103585.57,215.86922
2025-06-20 20:30:00,103585.58,103724.0,103585.57,103655.44,156.84804
2025-06-20 20:45:00,103655.44,103736.0,103631.99,103693.5,113.9223
2025-06-20 21:00:00,103693.51,103719.99,103434.76,103534.49,101.49946
2025-06-20 21:15:00,103534.49,103573.96,103353.06,103491.97,86.45977
2025-06-20 21:30:00,103491.98,103625.2,103484.7,103607.38,53.2983
2025-06-20 21:45:00,103607.38,103680.0,103473.0,103532.0,70.50852
2025-06-20 22:00:00,103531.99,103532.0,103183.52,103312.5,102.76548
2025-06-20 22:15:00,103312.51,103339.99,103096.8,103200.41,130.97259
2025-06-20 22:30:00,103200.41,103308.0,103025.38,103146.76,93.12723
2025-06-20 22:45:00,103146.77,103146.77,102980.0,103107.11,108.2811
2025-06-20 23:00:00,103107.12,103223.58,102963.67,103041.41,99.02219
2025-06-20 23:15:00,103041.41,103226.27,103041.41,103226.27,68.90481
2025-06-20 23:30:00,103226.28,103338.6,103224.8,103296.0,76.4991
2025-06-20 23:45:00,103296.0,103339.99,103261.5,103297.99,51.52531
2025-06-21 00:00:00,103297.98,103297.99,103145.03,103145.03,74.44757
2025-06-21 00:15:00,103145.03,103339.99,103127.48,103335.14,50.44282
2025-06-21 00:30:00,103335.15,103339.98,103225.81,103293.73,49.30109
2025-06-21 00:45:00,103293.73,103293.73,103200.71,103248.07,27.95458
2025-06-21 01:00:00,103248.06,103257.0,103177.65,103256.99,47.8796
2025-06-21 01:15:00,103257.0,103350.46,103137.86,103324.0,61.43456
2025-06-21 01:30:00,103324.0,103461.53,103312.85,103454.0,101.43489
2025-06-21 01:45:00,103454.0,103515.37,103416.15,103515.36,53.09696
2025-06-21 02:00:00,103515.36,103538.6,103412.21,103426.28,40.83339
2025-06-21 02:15:00,103426.29,103440.0,103377.44,103382.17,29.7397
2025-06-21 02:30:00,103382.17,103504.86,103382.16,103495.61,35.62357
2025-06-21 02:45:00,103495.61,103508.0,103430.75,103499.98,32.94752
2025-06-21 03:00:00,103499.99,103592.33,103499.98,103549.85,39.84543
2025-06-21 03:15:00,103549.86,103663.94,103549.85,103663.94,30.96895
2025-06-21 03:30:00,103664.0,103691.67,103593.04,103593.04,35.1275
2025-06-21 03:45:00,103593.05,103616.84,103495.87,103495.87,39.65598
2025-06-21 04:00:00,103495.86,103531.97,103384.31,103419.64,47.73003
2025-06-21 04:15:00,103419.64,103459.28,103402.12,103407.27,28.4058
2025-06-21 04:30:00,103407.26,103407.27,103373.74,103382.64,20.97582
2025-06-21 04:45:00,103382.64,103397.04,103333.0,103384.98,32.63703
2025-06-21 05:00:00,103384.99,103400.0,103343.0,103343.01,26.56149
2025-06-21 05:15:00,103343.01,103468.69,103343.0,103460.56,29.64064
2025-06-21 05:30:00,103460.56,103487.0,103381.2,103381.21,26.61662
2025-06-21 05:45:00,103381.21,103428.04,103381.21,103421.21,33.00391
2025-06-21 06:00:00,103421.21,103441.48,103390.9,103405.28,42.17169
2025-06-21 06:15:00,103405.28,103530.9,103330.0,103496.88,53.79302
2025-06-21 06:30:00,103496.88,103520.0,103485.09,103520.0,17.34247
2025-06-21 06:45:00,103520.0,103599.04,103502.01,103572.69,51.66052
2025-06-21 07:00:00,103572.69,103572.69,103360.02,103380.55,109.90506
2025-06-21 07:15:00,103380.54,103497.48,103380.54,103497.48,34.62068
2025-06-21 07:30:00,103497.47,103510.92,103451.71,103469.83,64.21668
2025-06-21 07:45:00,103469.83,103477.44,103427.46,103458.5,67.32972
2025-06-21 08:00:00,103458.5,103528.03,103458.49,103491.75,71.10846
2025-06-21 08:15:00,103491.75,103526.96,103465.3,103526.95,26.49743
2025-06-21 08:30:00,103526.96,103627.06,103516.6,103619.94,108.66437
2025-06-21 08:45:00,103619.95,103830.48,103600.88,103826.03,129.26698
2025-06-21 09:00:00,103826.03,103826.04,103682.58,103711.99,94.2584
2025-06-21 09:15:00,103712.0,103763.7,103711.99,103750.24,77.26502
2025-06-21 09:30:00,103750.24,103803.95,103653.14,103803.95,92.89873
2025-06-21 09:45:00,103803.94,103933.33,103803.94,103843.37,122.60776
2025-06-21 10:00:00,103843.37,103976.8,103836.99,103919.83,83.59349
2025-06-21 10:15:00,103919.83,103976.62,103861.64,103971.97,56.90445
2025-06-21 10:30:00,103971.98,103982.64,103882.2,103898.99,79.3405
2025-06-21 10:45:00,103898.99,103898.99,103767.77,103831.22,78.58597
2025-06-21 11:00:00,103831.22,103832.63,103724.13,103832.62,43.60561
2025-06-21 11:15:00,103832.62,103890.72,103824.01,103840.01,46.30038
2025-06-21 11:30:00,103840.01,103925.0,103840.01,103866.42,37.89223
2025-06-21 11:45:00,103866.43,103929.99,103848.48,103874.64,39.77227
2025-06-21 12:00:00,103874.63,103946.47,103874.63,103942.15,31.22022
2025-06-21 12:15:00,103942.15,103942.16,103838.0,103890.61,37.8916
2025-06-21 12:30:00,103890.61,103938.0,103828.06,103828.07,35.28855
2025-06-21 12:45:00,103828.07,103836.0,103786.61,103807.7,47.46932
2025-06-21 13:00:00,103807.7,103857.06,103807.7,103826.86,32.88089
2025-06-21 13:15:00,103826.86,103866.98,103817.58,103866.97,41.24037
2025-06-21 13:30:00,103866.97,103866.97,103713.49,103713.49,57.22448
2025-06-21 13:45:00,103713.49,103719.93,103534.62,103572.29,141.06793
2025-06-21 14:00:00,103572.29,103645.9,103483.31,103543.25,78.70237
2025-06-21 14:15:00,103543.25,103607.7,103382.97,103399.16,156.09456
2025-06-21 14:30:00,103399.15,103776.0,103393.54,103687.99,99.77001
2025-06-21 14:45:00,103687.99,103688.0,103426.47,103549.99,163.2824
2025-06-21 15:00:00,103550.0,103680.0,103549.99,103589.15,159.88479
2025-06-21 15:15:00,103589.15,103589.16,103382.55,103396.21,145.95248
2025-06-21 15:30:00,103396.21,103539.0,103281.82,103530.91,163.68716
2025-06-21 15:45:00,103530.91,103616.76,103405.32,103560.9,57.61723
2025-06-21 16:00:00,103560.9,103640.0,103475.33,103568.4,62.71749
2025-06-21 16:15:00,103568.41,103635.52,103568.4,103634.4,37.52495
2025-06-21 16:30:00,103634.4,103639.15,103467.5,103467.51,60.17566
2025-06-21 16:45:00,103467.51,103556.55,103449.1,103486.01,47.80654
2025-06-21 17:00:00,103486.01,103543.64,103483.9,103539.99,68.90551
2025-06-21 17:15:00,103540.0,103589.2,103375.5,103375.5,75.10579
2025-06-21 17:30:00,103375.5,103375.51,103179.4,103286.33,120.53075
2025-06-21 17:45:00,103286.32,103303.2,103174.12,103182.98,78.14111
2025-06-21 18:00:00,103182.98,103423.21,103182.97,103347.6,104.58186
2025-06-21 18:15:00,103347.6,103370.73,103188.3,103252.07,69.21625
2025-06-21 18:30:00,103252.06,103376.78,103129.0,103142.45,74.32452
2025-06-21 18:45:00,103142.44,103142.45,102633.45,102645.22,368.32561
2025-06-21 19:00:00,102645.22,102757.22,102500.0,102609.45,409.66848
2025-06-21 19:15:00,102609.45,102659.88,102480.09,102480.1,274.61355
2025-06-21 19:30:00,102480.1,102543.33,102260.49,102413.4,341.61202
2025-06-21 19:45:00,102413.4,102497.68,102210.43,102245.1,172.15418
2025-06-21 20:00:00,102245.11,102497.6,102206.0,102464.5,145.11136
2025-06-21 20:15:00,102464.5,102490.55,102257.1,102433.0,84.90097
2025-06-21 20:30:00,102433.0,102691.68,102425.21,102686.6,101.94123
2025-06-21 20:45:00,102686.6,102888.88,102660.0,102782.08,122.63548
2025-06-21 21:00:00,102782.09,102836.0,102494.07,102494.07,96.11612
2025-06-21 21:15:00,102494.07,102576.72,101550.0,101848.0,689.47607
2025-06-21 21:30:00,101848.0,101903.93,101110.0,101827.31,917.39627
2025-06-21 21:45:00,101827.31,101827.31,101401.57,101455.61,218.96843
2025-06-21 22:00:00,101455.61,102000.0,101446.74,101886.93,214.53207
2025-06-21 22:15:00,101886.92,101983.86,101727.1,101903.81,132.40148
2025-06-21 22:30:00,101903.8,101944.54,101610.0,101682.56,169.0913
2025-06-21 22:45:00,101682.56,101900.65,101610.0,101772.96,136.36385
2025-06-21 23:00:00,101772.97,101875.97,101564.44,101576.98,185.22906
2025-06-21 23:15:00,101576.98,101664.0,101370.05,101416.65,207.00076
2025-06-21 23:30:00,101416.66,101416.66,100939.65,101196.0,486.87195
2025-06-21 23:45:00,101196.0,102322.41,100837.9,102120.01,805.59095
2025-06-22 00:00:00,102120.02,102588.71,101839.96,101981.49,544.71178
2025-06-22 00:15:00,101981.5,102790.58,101981.5,102493.8,518.33232
2025-06-22 00:30:00,102493.8,103399.62,102460.79,102904.19,540.13059
2025-06-22 00:45:00,102904.18,103183.84,102750.93,102852.0,268.72984
2025-06-22 01:00:00,102852.0,103005.37,102682.11,102796.01,215.19562
2025-06-22 01:15:00,102796.01,102840.47,102477.67,102564.86,266.37508
2025-06-22 01:30:00,102564.86,102618.55,102237.37,102602.64,258.39868
2025-06-22 01:45:00,102602.63,102728.0,102360.0,102387.0,147.93627
2025-06-22 02:00:00,102387.01,102884.0,101885.98,102409.9,364.40177
2025-06-22 02:15:00,102409.89,102438.64,102010.79,102196.3,266.15061
2025-06-22 02:30:00,102196.31,102440.96,101913.66,102376.68,276.91563
2025-06-22 02:45:00,102376.68,102527.12,102248.0,102347.64,207.91292
2025-06-22 03:00:00,102347.63,102600.0,102347.63,102380.0,137.7092
2025-06-22 03:15:00,102380.0,102471.35,102144.47,102158.05,125.2827
2025-06-22 03:30:00,102158.05,102336.0,102127.34,102234.35,96.03965
2025-06-22 03:45:00,102234.35,102376.77,102127.72,102375.4,105.68616
2025-06-22 04:00:00,102375.4,102786.38,102256.01,102645.84,139.86641
2025-06-22 04:15:00,102645.78,102661.62,102433.41,102522.23,83.65767
2025-06-22 04:30:00,102522.22,102691.5,102413.48,102425.49,78.96422
2025-06-22 04:45:00,102425.48,102674.78,102420.61,102548.15,80.9959
2025-06-22 05:00:00,102548.14,102809.64,102548.14,102731.98,134.41319
2025-06-22 05:15:00,102731.97,102919.46,102724.79,102832.59,118.05764
2025-06-22 05:30:00,102832.6,102832.6,102627.91,102677.0,66.66181
2025-06-22 05:45:00,102677.0,102900.0,102609.05,102853.89,95.01361
2025-06-22 06:00:00,102853.89,102943.73,102742.84,102910.3,93.35083
2025-06-22 06:15:00,102910.31,102946.47,102803.09,102820.0,70.08904
2025-06-22 06:30:00,102820.0,102894.14,102728.0,102728.01,89.5764
2025-06-22 06:45:00,102728.01,102769.35,102692.87,102744.36,65.21995
2025-06-22 07:00:00,102744.36,102750.0,102643.31,102643.31,62.17335
2025-06-22 07:15:00,102643.31,102730.81,102563.21,102627.8,97.73294
2025-06-22 07:30:00,102627.8,102627.8,102269.18,102320.0,121.48917
2025-06-22 07:45:00,102319.99,102474.75,102319.99,102424.61,84.46896
2025-06-22 08:00:00,102424.61,102543.2,102318.04,102419.82,128.38252
2025-06-22 08:15:00,102419.82,102580.0,102380.0,102580.0,75.16522
2025-06-22 08:30:00,102580.0,102690.52,102484.0,102629.49,88.40316
2025-06-22 08:45:00,102629.49,102712.34,102524.0,102712.34,61.75197
2025-06-22 09:00:00,102712.34,102804.05,102498.61,102596.78,208.34239
2025-06-22 09:15:00,102596.78,102639.03,102307.69,102366.98,105.80144
2025-06-22 09:30:00,102366.99,102470.93,102287.79,102421.27,93.29213
2025-06-22 09:45:00,102421.28,102471.72,102080.0,102199.99,157.02374
2025-06-22 10:00:00,102199.99,102359.28,102150.0,102359.28,127.72177
2025-06-22 10:15:00,102359.27,102470.38,102220.01,102425.43,93.12477
2025-06-22 10:30:00,102425.43,102528.0,102425.43,102508.72,74.07236
2025-06-22 10:45:00,102508.73,102532.44,102448.93,102495.69,99.63799
2025-06-22 11:00:00,102495.68,102647.26,102428.69,102605.14,98.97758
2025-06-22 11:15:00,102605.14,102740.45,102534.03,102640.0,114.6623
2025-06-22 11:30:00,102640.0,102733.33,102626.0,102695.92,167.99195
2025-06-22 11:45:00,102695.91,102760.5,102626.0,102739.48,106.95556
2025-06-22 12:00:00,102739.47,102831.0,102649.38,102709.1,188.52924
2025-06-22 12:15:00,102709.1,102769.88,102584.36,102646.59,104.55514
2025-06-22 12:30:00,102646.58,102680.0,102588.28,102659.89,81.94384
2025-06-22 12:45:00,102659.89,102768.94,102623.8,102759.98,126.99624
2025-06-22 13:00:00,102759.97,102810.28,102244.89,102281.83,314.21134
2025-06-22 13:15:00,102281.83,102281.83,101011.0,101060.03,767.33351
2025-06-22 13:30:00,101060.02,101086.46,100268.75,100343.92,2093.61441
2025-06-22 13:45:00,100343.92,101000.0,100297.64,100865.66,543.01468
2025-06-22 14:00:00,100865.66,101239.06,100451.45,100451.45,685.94477
2025-06-22 14:15:00,100451.46,100547.22,99400.0,99537.71,2302.39013
2025-06-22 14:30:00,99537.71,100204.52,99066.36,99139.99,1662.49257
2025-06-22 14:45:00,99140.0,99685.69,99076.86,99628.28,1311.95761
2025-06-22 15:00:00,99628.29,99826.34,99339.9,99447.52,691.92754
2025-06-22 15:15:00,99447.52,99797.52,99229.26,99245.82,568.18113
2025-06-22 15:30:00,99245.81,99530.13,99230.92,99287.15,372.94621
2025-06-22 15:45:00,99287.14,99426.87,98889.35,98906.21,606.54709
2025-06-22 16:00:00,98906.21,99330.12,98830.0,98997.99,567.07093
2025-06-22 16:15:00,98997.99,99032.62,98673.66,98805.38,584.01469
2025-06-22 16:30:00,98805.38,99322.74,98744.54,99093.35,432.47103
2025-06-22 16:45:00,99093.35,99689.66,99080.0,99667.17,357.73571
2025-06-22 17:00:00,99667.17,100380.0,99614.45,99978.46,636.41795
2025-06-22 17:15:00,99978.46,99994.76,99440.0,99519.99,308.90313
2025-06-22 17:30:00,99519.99,99842.91,99509.26,99640.0,200.74039
2025-06-22 17:45:00,99640.0,99743.68,99407.98,99480.0,167.9748
2025-06-22 18:00:00,99480.01,99732.3,99389.32,99427.13,150.26674
2025-06-22 18:15:00,99427.13,99613.95,99384.86,99535.21,122.52902
2025-06-22 18:30:00,99535.21,99636.39,99350.34,99636.39,113.37639
2025-06-22 18:45:00,99636.39,99777.61,99425.96,99437.42,111.23846
2025-06-22 19:00:00,99437.42,99453.75,99080.06,99186.24,178.28699
2025-06-22 19:15:00,99186.24,99253.07,99066.66,99093.14,117.72044
2025-06-22 19:30:00,99093.13,99293.3,98992.84,99100.92,159.2438
2025-06-22 19:45:00,99100.91,99110.4,98800.0,98882.84,211.41155
2025-06-22 20:00:00,98882.85,98931.21,98288.0,98471.14,583.36034
2025-06-22 20:15:00,98471.14,98746.09,98200.0,98517.85,377.89772
2025-06-22 20:30:00,98517.85,99285.71,98423.41,99198.85,374.39722
2025-06-22 20:45:00,99198.85,99760.0,98963.47,99536.0,217.82285
2025-06-22 21:00:00,99536.0,99667.01,99196.62,99383.44,217.06681
2025-06-22 21:15:00,99383.08,99514.6,99135.89,99135.89,137.55013
2025-06-22 21:30:00,99135.89,99376.24,99004.72,99373.37,155.2595
2025-06-22 21:45:00,99373.37,99390.18,99056.0,99173.83,71.80325
2025-06-22 22:00:00,99173.83,100534.65,99140.0,100334.81,593.54189
2025-06-22 22:15:00,100334.8,100707.8,99982.26,100318.21,355.08898
2025-06-22 22:30:00,100318.21,100912.0,100300.0,100911.98,275.95124
2025-06-22 22:45:00,100911.97,100980.06,100605.07,100980.05,222.90893
2025-06-22 23:00:00,100980.05,101034.65,100645.88,100740.0,225.82376
2025-06-22 23:15:00,100740.0,101034.58,100737.17,101013.58,197.29378
2025-06-22 23:30:00,101013.58,101013.58,100773.45,100832.52,138.20776
2025-06-22 23:45:00,100832.52,100992.47,100708.57,100963.87,137.50233
2025-06-23 00:00:00,100963.87,100963.87,100580.03,100626.51,224.92476
2025-06-23 00:15:00,100626.5,100795.29,100591.04,100751.93,308.06649
2025-06-23 00:30:00,100751.92,101252.0,100494.25,101198.28,272.90095
2025-06-23 00:45:00,101198.28,101620.0,100863.0,100904.6,650.60245
2025-06-23 01:00:00,100904.6,100917.22,100641.6,100853.45,193.23416
2025-06-23 01:15:00,100853.45,100906.69,100582.32,100610.95,123.29292
2025-06-23 01:30:00,100610.94,100860.0,100564.19,100860.0,80.63511
2025-06-23 01:45:00,100860.0,101109.87,100827.78,101101.64,112.97769
2025-06-23 02:00:00,101101.65,101160.92,100930.2,101037.36,110.30887
2025-06-23 02:15:00,101037.35,101294.07,101020.0,101225.98,130.62936
2025-06-23 02:30:00,101225.98,101399.37,101138.22,101212.98,205.55437
2025-06-23 02:45:00,101212.98,101339.63,101128.27,101301.2,111.97431
2025-06-23 03:00:00,101301.2,101370.68,101125.6,101262.28,106.88805
2025-06-23 03:15:00,101262.28,101320.0,101076.42,101143.17,126.84169
2025-06-23 03:30:00,101143.17,101235.0,101073.32,101098.35,83.83498
2025-06-23 03:45:00,101098.36,101211.77,101090.36,101154.14,87.55738
2025-06-23 04:00:00,101154.13,101209.54,100980.0,101031.16,93.5632
2025-06-23 04:15:00,101031.16,101314.46,101031.16,101266.36,156.00004
2025-06-23 04:30:00,101266.37,101283.99,101181.12,101192.13,117.54629
2025-06-23 04:45:00,101192.12,101240.0,101136.17,101167.99,108.89698
2025-06-23 05:00:00,101168.0,101499.4,101167.99,101424.21,120.46112
2025-06-23 05:15:00,101424.21,101538.08,101424.2,101514.8,126.0594
2025-06-23 05:30:00,101514.79,101537.3,101467.33,101470.97,96.25143
2025-06-23 05:45:00,101470.96,101890.0,101458.63,101771.02,311.52959
2025-06-23 06:00:00,101771.01,101998.96,101771.01,101949.0,232.67529
2025-06-23 06:15:00,101949.0,102064.69,101817.28,101844.87,178.86637
2025-06-23 06:30:00,101844.87,101933.74,101718.57,101756.73,206.91617
2025-06-23 06:45:00,101756.73,101994.62,101645.47,101940.27,239.70428
2025-06-23 07:00:00,101940.28,102137.0,101886.31,101906.2,265.8554
2025-06-23 07:15:00,101906.2,101922.13,101809.3,101852.41,74.00833
2025-06-23 07:30:00,101852.41,101950.0,101748.31,101864.58,110.73391
2025-06-23 07:45:00,101864.59,101974.15,101810.53,101931.04,70.00163
2025-06-23 08:00:00,101931.04,102080.0,101835.53,102018.07,228.39471
2025-06-23 08:15:00,102018.07,102018.07,101865.83,101948.97,212.23346
2025-06-23 08:30:00,101948.96,101948.96,101746.61,101800.0,97.40821
2025-06-23 08:45:00,101799.99,101898.0,101793.64,101881.37,73.11711
2025-06-23 09:00:00,101881.38,101881.38,101642.01,101676.97,236.29921
2025-06-23 09:15:00,101676.97,101722.9,101403.52,101513.81,240.54784
2025-06-23 09:30:00,101513.81,101585.68,101389.09,101469.94,176.56836
2025-06-23 09:45:00,101469.95,101567.67,101469.94,101567.66,91.41624
2025-06-23 10:00:00,101567.66,101577.01,101359.55,101491.77,142.27541
2025-06-23 10:15:00,101491.76,101491.77,101359.59,101367.74,95.02594
2025-06-23 10:30:00,101367.73,101440.0,101198.68,101212.0,125.55564
2025-06-23 10:45:00,101212.0,101516.77,101211.99,101463.21,94.80396
2025-06-23 11:00:00,101463.22,101562.19,101350.0,101369.99,226.99216
2025-06-23 11:15:00,101370.0,101399.92,101133.0,101222.1,190.98116
2025-06-23 11:30:00,101222.1,101283.84,101202.22,101265.9,136.7249
2025-06-23 11:45:00,101265.91,101419.8,101102.76,101289.01,159.1762
2025-06-23 12:00:00,101289.0,101304.0,101153.84,101185.03,146.26865
2025-06-23 12:15:00,101185.06,101225.63,101112.06,101175.13,106.08053
2025-06-23 12:30:00,101175.13,101473.95,101137.67,101386.75,119.85706
2025-06-23 12:45:00,101386.75,101684.7,101386.74,101684.7,161.90195
2025-06-23 13:00:00,101684.7,101684.7,101275.44,101291.42,224.09305
2025-06-23 13:15:00,101291.43,101339.63,101090.38,101136.94,127.36697
2025-06-23 13:30:00,101136.94,102345.67,100792.16,101999.99,725.69754
2025-06-23 13:45:00,102000.0,102480.06,101816.19,102354.14,609.05552
2025-06-23 14:00:00,102354.15,102613.09,102084.65,102259.07,533.89073
2025-06-23 14:15:00,102259.07,102344.0,101823.52,101823.53,308.56222
2025-06-23 14:30:00,101823.52,101976.4,101496.0,101788.2,429.28486
2025-06-23 14:45:00,101788.2,101912.89,101534.28,101624.39,243.69444
2025-06-23 15:00:00,101624.39,102060.25,101624.39,102011.12,185.16059
2025-06-23 15:15:00,102011.11,102024.0,101500.0,101540.02,170.79197
2025-06-23 15:30:00,101540.01,101788.0,101417.59,101580.0,165.27427
2025-06-23 15:45:00,101579.99,101586.21,101301.2,101420.7,194.68465
2025-06-23 16:00:00,101420.71,101453.35,101075.02,101075.02,204.93783
2025-06-23 16:15:00,101075.03,101075.03,100200.0,100272.18,735.87374
2025-06-23 16:30:00,100272.17,100721.17,99613.33,100569.23,770.41796
2025-06-23 16:45:00,100569.23,100921.69,100222.32,100692.1,789.69848
2025-06-23 17:00:00,100692.1,101635.18,100500.22,101277.36,510.52026
2025-06-23 17:15:00,101277.37,102304.6,101243.21,102080.74,732.94212
2025-06-23 17:30:00,102080.74,102690.0,102080.74,102374.16,899.78829
2025-06-23 17:45:00,102374.17,102533.65,102012.0,102484.02,360.88557
2025-06-23 18:00:00,102484.02,103013.18,102387.72,102861.77,754.6807
2025-06-23 18:15:00,102861.77,103185.9,102637.53,102637.73,342.86447
2025-06-23 18:30:00,102637.72,103300.0,102615.76,103056.64,428.19132
2025-06-23 18:45:00,103056.63,103137.94,102863.81,102933.78,200.43431
2025-06-23 19:00:00,102933.77,103170.67,102911.48,103036.97,184.71912
2025-06-23 19:15:00,103036.97,103058.99,102788.0,102858.58,141.23563
2025-06-23 19:30:00,102858.59,103084.0,102676.94,102729.8,210.71141
2025-06-23 19:45:00,102729.81,103230.76,102677.16,103161.29,228.47129
2025-06-23 20:00:00,103161.3,103372.51,102880.0,103324.02,326.44909
2025-06-23 20:15:00,103324.02,103824.01,103301.42,103739.61,552.29981
2025-06-23 20:30:00,103739.62,103911.5,103609.03,103880.01,352.02417
2025-06-23 20:45:00,103880.01,103915.5,103644.08,103739.99,162.99939
2025-06-23 21:00:00,103740.0,103943.07,103716.77,103915.77,176.61071
2025-06-23 21:15:00,103915.78,104214.28,103689.13,103710.37,369.32272
2025-06-23 21:30:00,103710.37,103852.83,103624.19,103666.14,359.59462
2025-06-23 21:45:00,103666.15,103849.4,103634.19,103705.52,149.35081
2025-06-23 22:00:00,103705.52,105546.49,103697.06,105323.83,1418.91595
2025-06-23 22:15:00,105323.84,106019.97,104975.65,105987.88,1046.64891
2025-06-23 22:30:00,105988.0,106074.2,104870.7,105114.68,860.9779
2025-06-23 22:45:00,105114.69,105660.61,104882.88,105538.19,721.09275
2025-06-23 23:00:00,105538.17,105665.05,105232.49,105261.89,381.57384
2025-06-23 23:15:00,105261.89,105500.0,105115.65,105449.12,351.22863
2025-06-23 23:30:00,105449.11,105643.7,105362.7,105396.01,335.74214
2025-06-23 23:45:00,105396.01,105550.01,105283.8,105333.93,186.82367
2025-06-24 00:00:00,105333.94,105500.0,105229.38,105229.38,167.74473
2025-06-24 00:15:00,105229.38,105332.0,105141.05,105151.5,174.07898
2025-06-24 00:30:00,105151.5,105200.45,105000.0,105046.51,235.83788
2025-06-24 00:45:00,105046.51,105234.68,104909.69,105132.59,297.76993
2025-06-24 01:00:00,105132.59,105212.27,104966.99,105113.85,173.62449
2025-06-24 01:15:00,105113.86,105221.07,104975.7,105164.34,144.84073
2025-06-24 01:30:00,105164.33,105179.05,105004.54,105073.98,65.67583
2025-06-24 01:45:00,105073.98,105499.99,105063.37,105450.76,217.15004
2025-06-24 02:00:00,105450.75,105450.75,104827.26,104930.61,197.62629
2025-06-24 02:15:00,104930.61,105031.71,104729.69,105013.68,169.4688
2025-06-24 02:30:00,105013.69,105050.0,104849.99,105033.36,98.55077
2025-06-24 02:45:00,105033.36,105033.36,104743.14,104753.8,392.05588
2025-06-24 03:00:00,104753.8,104988.0,104720.82,104877.06,214.13778
2025-06-24 03:15:00,104877.05,105127.94,104833.79,104989.21,166.57431
2025-06-24 03:30:00,104989.21,105082.13,104885.4,104904.0,77.07759
2025-06-24 03:45:00,104904.0,104983.88,104863.25,104919.6,89.92853
2025-06-24 04:00:00,104919.6,104959.24,104764.23,104764.24,94.35906
2025-06-24 04:15:00,104764.23,104950.54,104704.91,104893.21,101.06246
2025-06-24 04:30:00,104893.2,104928.18,104790.19,104811.14,62.98523
2025-06-24 04:45:00,104811.14,104932.0,104750.93,104826.14,70.50859
2025-06-24 05:00:00,104826.13,105105.43,104826.13,105077.52,161.0559
2025-06-24 05:15:00,105077.52,105213.24,104926.7,105131.65,169.87869
2025-06-24 05:30:00,105131.65,105382.22,105121.68,105330.05,216.37691
2025-06-24 05:45:00,105330.06,105426.48,105264.7,105396.54,253.64692
2025-06-24 06:00:00,105396.54,105520.0,105244.84,105416.32,352.42958
2025-06-24 06:15:00,105416.33,105528.67,105390.96,105493.01,203.99987
2025-06-24 06:30:00,105493.02,105791.67,105485.0,105693.71,268.68666
2025-06-24 06:45:00,105693.72,105811.0,105609.9,105655.23,178.14111
2025-06-24 07:00:00,105655.23,105732.81,105465.26,105486.27,155.15439
2025-06-24 07:15:00,105486.26,105777.0,105420.97,105608.48,239.10315
2025-06-24 07:30:00,105608.48,105623.89,105088.0,105263.9,306.99604
2025-06-24 07:45:00,105263.91,105283.5,104900.0,104933.74,324.59531
2025-06-24 08:00:00,104933.74,105057.36,104689.26,104831.99,330.20716
2025-06-24 08:15:00,104832.0,105066.81,104622.02,105066.81,254.77167
2025-06-24 08:30:00,105066.81,105167.24,104876.47,105044.21,193.68028
2025-06-24 08:45:00,105044.22,105109.71,104915.06,104996.77,91.03338
2025-06-24 09:00:00,104996.78,105288.88,104968.25,105105.6,158.97466
2025-06-24 09:15:00,105105.42,105571.4,105060.0,105396.31,161.94311
2025-06-24 09:30:00,105396.31,105472.54,105212.58,105301.48,151.71835
2025-06-24 09:45:00,105301.48,105307.85,105170.58,105198.98,69.12296
2025-06-24 10:00:00,105198.99,105287.96,105110.71,105174.22,117.31401
2025-06-24 10:15:00,105174.22,105315.97,105108.56,105147.14,95.22373
2025-06-24 10:30:00,105147.13,105351.0,105069.23,105264.93,87.94619
2025-06-24 10:45:00,105264.92,105300.0,105221.99,105281.99,40.17001
2025-06-24 11:00:00,105281.98,105383.83,105140.0,105180.27,106.09182
2025-06-24 11:15:00,105180.26,105358.89,105001.6,105358.88,153.85594
2025-06-24 11:30:00,105358.88,105428.03,105105.42,105173.1,126.31675
2025-06-24 11:45:00,105173.11,105270.48,105148.71,105170.0,78.49438
2025-06-24 12:00:00,105169.99,105295.79,105161.98,105217.25,105.81664
2025-06-24 12:15:00,105217.25,105238.73,104990.54,105068.5,94.03537
2025-06-24 12:30:00,105068.5,105180.0,104968.43,105179.99,141.61378
2025-06-24 12:45:00,105179.99,105306.54,105049.01,105205.47,89.03233
2025-06-24 13:00:00,105205.47,105240.0,105073.2,105211.81,91.52632
2025-06-24 13:15:00,105211.82,105390.27,104995.0,105105.44,258.7585
2025-06-24 13:30:00,105105.44,105281.0,104800.98,105059.95,313.87672
2025-06-24 13:45:00,105059.99,105291.0,104826.52,105065.44,234.95468
2025-06-24 14:00:00,105065.45,105285.71,104950.8,105220.01,219.87392
2025-06-24 14:15:00,105220.01,105543.0,105156.0,105383.83,290.73408
2025-06-24 14:30:00,105383.83,105628.92,105270.0,105620.41,217.69195
2025-06-24 14:45:00,105620.4,105665.52,105343.37,105517.5,182.40776
2025-06-24 15:00:00,105517.5,105731.92,105517.5,105580.1,207.516
2025-06-24 15:15:00,105580.1,105729.3,105515.52,105662.8,142.1582
2025-06-24 15:30:00,105662.81,105675.41,105190.7,105250.01,207.84276
2025-06-24 15:45:00,105250.01,105458.77,105153.01,105244.73,135.89171
2025-06-24 16:00:00,105244.72,105439.77,105172.64,105253.94,119.22697
2025-06-24 16:15:00,105253.93,105490.5,105223.55,105415.44,105.47889
2025-06-24 16:30:00,105415.45,105881.41,105394.11,105823.99,180.77766
2025-06-24 16:45:00,105824.0,106268.0,105739.21,106225.26,620.05762
2025-06-24 17:00:00,106225.25,106290.0,105895.58,105940.32,279.01666
2025-06-24 17:15:00,105940.32,106018.98,105609.8,105673.47,186.50389
2025-06-24 17:30:00,105673.48,106069.15,105635.85,106069.15,123.72425
2025-06-24 17:45:00,106069.14,106153.8,105972.59,106046.69,99.71038
2025-06-24 18:00:00,106046.69,106088.96,105874.59,105877.08,79.06959
2025-06-24 18:15:00,105877.08,105895.59,105637.0,105844.89,108.52546
2025-06-24 18:30:00,105844.9,105849.31,105682.37,105713.9,63.60911
2025-06-24 18:45:00,105713.89,105819.28,105523.8,105533.73,83.35187
2025-06-24 19:00:00,105533.73,105554.42,105309.27,105365.8,104.14706
2025-06-24 19:15:00,105365.8,105549.4,105365.79,105466.45,59.13432
2025-06-24 19:30:00,105466.45,105651.59,105420.0,105451.26,58.84002
2025-06-24 19:45:00,105451.25,105677.82,105270.48,105643.19,95.22712
2025-06-24 20:00:00,105643.2,105643.2,105435.45,105469.12,41.49593
2025-06-24 20:15:00,105469.12,105844.0,105469.11,105813.86,76.93989
2025-06-24 20:30:00,105813.87,105948.81,105744.85,105885.6,83.16369
2025-06-24 20:45:00,105885.6,106098.0,105885.59,106087.3,101.56539
2025-06-24 21:00:00,106087.3,106087.31,105729.95,105834.6,95.46137
2025-06-24 21:15:00,105834.6,106049.7,105834.6,105978.2,64.57915
2025-06-24 21:30:00,105978.21,106040.5,105811.85,105922.14,77.36707
2025-06-24 21:45:00,105922.15,106119.11,105922.15,105989.05,85.89325
2025-06-24 22:00:00,105989.04,105989.04,105734.38,105881.32,80.8597
2025-06-24 22:15:00,105881.32,105973.99,105801.18,105932.73,49.75596
2025-06-24 22:30:00,105932.74,105954.91,105819.27,105926.86,37.72763
2025-06-24 22:45:00,105926.87,106025.92,105898.07,106025.39,47.00024
2025-06-24 23:00:00,106025.39,106028.0,105828.57,105864.66,62.20061
2025-06-24 23:15:00,105864.67,105864.67,105774.9,105837.89,54.34256
2025-06-24 23:30:00,105837.9,105935.1,105804.06,105907.13,53.594
2025-06-24 23:45:00,105907.14,106083.0,105868.62,106083.0,81.62849
2025-06-25 00:00:00,106083.0,106450.0,106021.88,106438.21,185.46386
2025-06-25 00:15:00,106438.2,106438.21,106090.58,106152.91,98.23363
2025-06-25 00:30:00,106152.9,106157.6,105808.03,105939.41,116.07884
2025-06-25 00:45:00,105940.0,106470.21,105934.7,106407.34,192.51708
2025-06-25 01:00:00,106407.34,106463.45,106300.0,106404.87,153.90802
2025-06-25 01:15:00,106404.87,106616.01,106041.17,106145.29,300.88143
2025-06-25 01:30:00,106145.29,106413.0,106016.0,106412.99,101.90696
2025-06-25 01:45:00,106412.99,106423.33,106256.86,106387.43,74.63773
2025-06-25 02:00:00,106387.42,106775.49,106300.0,106725.57,432.53721
2025-06-25 02:15:00,106725.56,106791.18,106540.63,106540.63,164.24342
2025-06-25 02:30:00,106540.63,106599.49,106468.87,106519.97,122.82862
2025-06-25 02:45:00,106519.97,106695.99,106421.75,106474.58,115.40938
2025-06-25 03:00:00,106474.58,106599.9,106305.34,106539.5,85.25005
2025-06-25 03:15:00,106539.49,106583.68,106444.31,106471.01,89.85705
2025-06-25 03:30:00,106471.0,106502.4,106289.6,106291.93,68.50474
2025-06-25 03:45:00,106291.93,106350.0,106216.62,106232.01,82.83648
2025-06-25 04:00:00,106232.01,106308.89,106164.38,106178.08,104.05399
2025-06-25 04:15:00,106178.07,106278.94,106167.36,106269.19,63.47093
2025-06-25 04:30:00,106269.19,106269.2,106022.38,106050.02,123.19951
2025-06-25 04:45:00,106050.01,106218.04,106001.0,106197.56,122.01263
2025-06-25 05:00:00,106197.55,106274.48,106123.04,106166.39,72.38399
2025-06-25 05:15:00,106166.4,106166.4,106037.14,106144.29,60.38661
2025-06-25 05:30:00,106144.29,106396.61,106094.6,106265.41,135.81382
2025-06-25 05:45:00,106265.42,106350.64,106213.72,106213.72,88.27026
2025-06-25 06:00:00,106213.72,106285.05,106125.05,106162.35,70.22264
2025-06-25 06:15:00,106162.35,106430.64,106152.4,106380.8,57.94006
2025-06-25 06:30:00,106380.81,106461.04,106294.31,106438.12,91.16549
2025-06-25 06:45:00,106438.13,106439.9,106371.94,106399.99,45.80675
2025-06-25 07:00:00,106400.0,106424.0,106321.25,106382.0,49.52412
2025-06-25 07:15:00,106381.99,106632.9,106356.84,106617.84,97.24453
2025-06-25 07:30:00,106617.83,106672.03,106535.29,106672.03,66.88782
2025-06-25 07:45:00,106672.02,106702.0,106574.91,106600.01,69.24019
2025-06-25 08:00:00,106600.0,106644.92,106517.09,106620.99,91.40918
2025-06-25 08:15:00,106621.0,106663.24,106429.41,106462.0,77.22719
2025-06-25 08:30:00,106462.0,106462.01,106344.81,106383.11,47.99574
2025-06-25 08:45:00,106383.1,106635.76,106343.13,106635.76,94.89055
2025-06-25 09:00:00,106635.76,106892.4,106590.89,106824.5,184.31552
2025-06-25 09:15:00,106824.5,106919.12,106818.61,106854.01,126.97965
2025-06-25 09:30:00,106854.01,106971.91,106449.61,106506.68,205.31152
2025-06-25 09:45:00,106506.67,106635.32,106472.54,106628.06,106.17587
2025-06-25 10:00:00,106628.05,106763.67,106567.38,106730.74,102.20671
2025-06-25 10:15:00,106730.75,107184.68,106712.8,107108.63,339.56604
2025-06-25 10:30:00,107108.64,107110.78,106910.09,106998.12,240.73728
2025-06-25 10:45:00,106998.12,107132.36,106919.41,107126.49,131.61845
2025-06-25 11:00:00,107126.5,107131.59,106949.01,106949.01,93.31657
2025-06-25 11:15:00,106949.02,107009.04,106866.9,106970.51,117.93521
2025-06-25 11:30:00,106970.5,107198.45,106965.95,107186.86,107.72279
2025-06-25 11:45:00,107186.87,107237.44,107132.35,107198.02,205.40742
2025-06-25 12:00:00,107198.02,107205.15,107002.82,107030.55,155.9257
2025-06-25 12:15:00,107030.55,107094.8,106927.8,107008.31,186.16089
2025-06-25 12:30:00,107008.3,107149.6,106940.29,107065.34,134.99669
2025-06-25 12:45:00,107065.34,107300.0,107049.7,107240.0,161.68077
2025-06-25 13:00:00,107240.0,107442.6,107172.87,107409.31,221.88717
2025-06-25 13:15:00,107409.3,107910.93,107409.3,107870.16,652.82144
2025-06-25 13:30:00,107870.17,108010.26,107528.0,107852.94,586.3866
2025-06-25 13:45:00,107852.94,108130.24,107699.99,107923.21,724.54832
2025-06-25 14:00:00,107923.22,108135.3,107814.13,107906.0,662.43394
2025-06-25 14:15:00,107906.0,107906.01,107226.94,107541.03,724.02575
2025-06-25 14:30:00,107541.02,107820.5,107512.91,107765.09,556.28361
2025-06-25 14:45:00,107765.08,107883.17,107615.38,107629.59,483.81297
2025-06-25 15:00:00,107629.58,107638.0,107359.78,107504.47,385.01963
2025-06-25 15:15:00,107504.47,107523.0,106995.59,107053.07,603.70416
2025-06-25 15:30:00,107053.07,107138.4,106752.36,106917.0,732.88905
2025-06-25 15:45:00,106916.99,107199.98,106864.33,107028.0,524.42645
2025-06-25 16:00:00,107027.99,107359.79,107007.46,107358.29,163.56375
2025-06-25 16:15:00,107358.29,107490.75,107304.26,107343.08,103.33416
2025-06-25 16:30:00,107343.08,107383.57,107108.04,107175.24,171.36362
2025-06-25 16:45:00,107175.24,107175.24,106989.03,107139.81,209.11752
2025-06-25 17:00:00,107139.81,107419.35,107127.67,107386.26,98.01144
2025-06-25 17:15:00,107386.25,107529.35,107355.8,107355.81,107.49138
2025-06-25 17:30:00,107355.81,107385.38,106931.0,107001.92,138.99356
2025-06-25 17:45:00,107001.92,107428.57,106979.65,107402.53,71.70892
2025-06-25 18:00:00,107402.54,107499.58,107265.11,107477.32,82.99455
2025-06-25 18:15:00,107477.33,107510.82,107336.06,107439.89,74.9426
2025-06-25 18:30:00,107439.88,107500.0,107177.52,107435.85,83.14589
2025-06-25 18:45:00,107435.85,107523.9,107324.28,107406.63,105.36869
2025-06-25 19:00:00,107406.62,107750.0,107394.97,107691.3,261.19733
2025-06-25 19:15:00,107691.29,107905.37,107631.72,107874.76,158.36787
2025-06-25 19:30:00,107874.76,107874.76,107563.66,107671.61,124.94427
2025-06-25 19:45:00,107671.61,107815.21,107621.31,107761.68,155.14891
2025-06-25 20:00:00,107761.67,107761.67,107500.0,107613.18,101.87826
2025-06-25 20:15:00,107615.53,107696.11,107581.7,107677.2,68.92509
2025-06-25 20:30:00,107677.2,107840.42,107659.36,107674.17,56.36244
2025-06-25 20:45:00,107674.16,107859.33,107640.29,107781.2,53.75575
2025-06-25 21:00:00,107781.2,108000.0,107573.2,107573.2,150.36862
2025-06-25 21:15:00,107573.21,107702.43,107520.79,107547.93,80.76947
2025-06-25 21:30:00,107547.93,107625.95,107444.57,107475.04,80.21002
2025-06-25 21:45:00,107475.03,107580.0,107456.16,107569.67,47.57394
2025-06-25 22:00:00,107569.67,107569.68,107335.29,107441.73,82.44046
2025-06-25 22:15:00,107441.72,107455.27,107347.64,107367.73,36.13205
2025-06-25 22:30:00,107367.73,107372.63,107233.54,107300.77,49.77131
2025-06-25 22:45:00,107300.77,107306.68,107215.0,107275.01,53.67199
2025-06-25 23:00:00,107275.01,107300.0,107079.9,107298.0,81.27807
2025-06-25 23:15:00,107298.0,107374.08,107147.82,107195.99,46.68907
2025-06-25 23:30:00,107195.99,107232.61,107183.5,107193.8,40.93149
2025-06-25 23:45:00,107193.8,107375.01,107133.89,107340.58,88.16635
2025-06-26 00:00:00,107340.59,107529.36,107340.58,107507.84,159.56729
2025-06-26 00:15:00,107507.85,107623.52,107412.06,107424.76,111.3383
2025-06-26 00:30:00,107424.77,107439.3,107325.3,107343.07,54.31644
2025-06-26 00:45:00,107343.07,107456.1,107252.21,107320.0,62.8754
2025-06-26 01:00:00,107320.0,107320.0,107200.0,107241.44,50.7924
2025-06-26 01:15:00,107241.43,107451.92,107105.43,107439.3,59.09637
2025-06-26 01:30:00,107439.31,107900.0,107324.69,107629.88,224.10242
2025-06-26 01:45:00,107629.87,107716.85,107550.98,107638.01,104.81571
2025-06-26 02:00:00,107638.01,107950.0,107638.01,107802.51,152.23046
2025-06-26 02:15:00,107802.51,107880.0,107741.3,107766.66,73.66007
2025-06-26 02:30:00,107766.67,107800.0,107664.6,107719.11,56.72706
2025-06-26 02:45:00,107719.12,108039.05,107562.4,107920.47,228.93846
2025-06-26 03:00:00,107920.47,108272.45,107920.47,107966.92,296.76906
2025-06-26 03:15:00,107966.92,108100.0,107800.0,107880.74,135.50137
2025-06-26 03:30:00,107880.75,107935.2,107784.84,107847.51,69.27226
2025-06-26 03:45:00,107847.52,107892.66,107783.69,107853.79,56.83399
2025-06-26 04:00:00,107853.79,107953.27,107721.03,107823.5,85.13372
2025-06-26 04:15:00,107823.49,107852.13,107741.3,107776.19,65.07802
2025-06-26 04:30:00,107776.19,107935.17,107704.3,107769.19,102.62132
2025-06-26 04:45:00,107769.18,107868.48,107692.64,107845.41,73.23146
2025-06-26 05:00:00,107845.4,107845.4,107705.35,107796.07,43.34376
2025-06-26 05:15:00,107796.07,107812.5,107672.9,107672.9,48.09546
2025-06-26 05:30:00,107672.91,107680.4,107521.59,107546.12,82.81536
2025-06-26 05:45:00,107546.12,107632.09,107520.0,107632.09,38.88092
2025-06-26 06:00:00,107632.09,107751.0,107553.11,107741.3,99.17066
2025-06-26 06:15:00,107741.3,107778.39,107664.48,107698.91,49.24462
2025-06-26 06:30:00,107698.91,107813.57,107698.91,107750.37,42.0198
2025-06-26 06:45:00,107750.37,107800.0,107700.0,107761.5,49.0578
2025-06-26 07:00:00,107761.5,107878.34,107751.3,107829.09,84.71033
2025-06-26 07:15:00,107829.09,108078.53,107794.87,107973.59,227.20973
2025-06-26 07:30:00,107973.58,108059.06,107909.7,107976.0,111.21011
2025-06-26 07:45:00,107976.0,108085.92,107800.0,107813.99,88.99564
2025-06-26 08:00:00,107813.99,108078.89,107813.99,108078.89,153.06846
2025-06-26 08:15:00,108078.89,108174.86,107800.0,107854.26,160.61322
2025-06-26 08:30:00,107854.26,107951.66,107709.38,107805.98,109.93393
2025-06-26 08:45:00,107805.99,107839.99,107741.3,107753.07,80.49492
2025-06-26 09:00:00,107753.07,107786.53,107275.63,107297.47,302.72442
2025-06-26 09:15:00,107297.47,107506.0,107297.46,107458.51,192.59704
2025-06-26 09:30:00,107458.51,107483.67,107376.96,107420.0,163.66956
2025-06-26 09:45:00,107420.0,107440.0,107297.67,107325.12,85.20965
2025-06-26 10:00:00,107325.13,107468.94,107240.0,107374.68,94.60549
2025-06-26 10:15:00,107374.69,107374.69,107275.0,107339.91,72.49829
2025-06-26 10:30:00,107339.91,107388.9,107293.76,107353.46,96.18654
2025-06-26 10:45:00,107353.46,107444.0,107317.39,107389.01,85.47469
2025-06-26 11:00:00,107389.0,107403.02,107323.53,107350.39,74.15054
2025-06-26 11:15:00,107350.4,107350.4,107178.65,107191.71,154.32094
2025-06-26 11:30:00,107191.7,107239.79,107156.55,107156.55,91.4687
2025-06-26 11:45:00,107156.55,107376.0,107117.65,107325.41,93.42667
2025-06-26 12:00:00,107325.42,107421.57,107205.09,107240.87,85.08448
2025-06-26 12:15:00,107240.86,107302.64,107095.19,107200.0,85.39265
2025-06-26 12:30:00,107200.0,107317.4,107033.33,107310.1,150.13924
2025-06-26 12:45:00,107310.09,107310.1,107111.55,107122.48,64.67297
2025-06-26 13:00:00,107122.47,107200.0,107012.46,107043.0,107.94758
2025-06-26 13:15:00,107043.01,107128.65,107013.28,107112.59,126.04887
2025-06-26 13:30:00,107112.6,107348.52,107011.66,107226.69,266.01266
2025-06-26 13:45:00,107226.69,107309.5,106817.64,106960.01,298.07874
2025-06-26 14:00:00,106960.01,107153.84,106884.31,107039.09,214.49667
2025-06-26 14:15:00,107039.09,107281.25,106948.62,107230.8,142.16921
2025-06-26 14:30:00,107230.81,107724.22,107220.63,107636.0,222.03903
2025-06-26 14:45:00,107636.0,107765.55,107392.0,107436.6,133.20513
2025-06-26 15:00:00,107436.6,107515.5,107290.0,107290.01,100.90703
2025-06-26 15:15:00,107290.0,107397.58,106898.0,106925.41,137.12249
2025-06-26 15:30:00,106925.4,107055.6,106562.5,106923.02,347.68017
2025-06-26 15:45:00,106923.02,107325.49,106923.02,107313.6,142.13212
2025-06-26 16:00:00,107313.61,107410.94,107133.9,107226.25,74.37318
2025-06-26 16:15:00,107226.26,107280.0,107031.5,107232.6,83.48283
2025-06-26 16:30:00,107232.61,107275.01,107063.04,107169.51,109.34623
2025-06-26 16:45:00,107169.51,107200.0,107009.28,107196.05,59.10565
2025-06-26 17:00:00,107196.06,107442.84,107191.05,107220.59,112.87451
2025-06-26 17:15:00,107220.6,107377.9,107217.12,107343.27,59.37328
2025-06-26 17:30:00,107343.26,107366.63,107254.61,107289.63,50.64095
2025-06-26 17:45:00,107289.63,107339.0,107145.38,107192.99,52.73857
2025-06-26 18:00:00,107192.99,107580.0,107137.03,107562.11,95.69568
2025-06-26 18:15:00,107562.11,107579.42,107279.12,107284.68,78.19297
2025-06-26 18:30:00,107284.68,107355.0,107190.21,107355.0,76.63255
2025-06-26 18:45:00,107355.0,107402.18,107244.0,107384.1,39.39205
2025-06-26 19:00:00,107384.11,107500.0,107328.0,107349.97,46.37437
2025-06-26 19:15:00,107349.98,107536.5,107349.98,107456.8,65.09894
2025-06-26 19:30:00,107456.8,107600.0,107451.6,107588.05,104.08892
2025-06-26 19:45:00,107588.05,107669.74,107485.94,107532.98,145.23592
2025-06-26 20:00:00,107532.97,107633.16,107451.95,107537.52,69.59603
2025-06-26 20:15:00,107537.51,107629.15,107520.27,107602.54,52.06263
2025-06-26 20:30:00,107602.54,107953.6,107602.54,107953.59,221.09001
2025-06-26 20:45:00,107953.59,108000.0,107681.73,107766.29,155.16795
2025-06-26 21:00:00,107766.3,107799.99,107374.5,107406.71,101.17546
2025-06-26 21:15:00,107406.71,107436.99,107140.76,107255.41,103.7718
2025-06-26 21:30:00,107255.41,107330.0,106850.0,106973.18,207.67304
2025-06-26 21:45:00,106973.18,107105.1,106911.71,107029.6,49.49493
2025-06-26 22:00:00,107029.59,107210.26,106965.07,107020.2,76.56755
2025-06-26 22:15:00,107020.21,107235.29,106965.74,107182.0,47.35269
2025-06-26 22:30:00,107182.01,107222.91,106965.75,106971.63,67.15798
2025-06-26 22:45:00,106971.62,107100.0,106961.94,106992.59,52.81675
2025-06-26 23:00:00,106992.59,107005.36,106884.0,106884.01,108.874
2025-06-26 23:15:00,106884.01,107063.05,106884.0,107013.58,57.03888
2025-06-26 23:30:00,107013.58,107052.29,106932.0,106975.07,54.92732
2025-06-26 23:45:00,106975.07,106975.07,106865.56,106947.06,74.6313
2025-06-27 00:00:00,106947.06,107153.84,106925.01,107016.0,77.64994
2025-06-27 00:15:00,107016.0,107179.8,107016.0,107171.38,35.08647
2025-06-27 00:30:00,107171.37,107177.72,106907.88,106912.9,97.41735
2025-06-27 00:45:00,106912.9,106920.0,106650.26,106675.22,122.45682
2025-06-27 01:00:00,106675.21,106948.0,106438.33,106896.28,189.67564
2025-06-27 01:15:00,106896.29,107079.5,106835.7,107013.01,80.81902
2025-06-27 01:30:00,107013.01,107140.03,106991.44,107105.02,122.70701
2025-06-27 01:45:00,107105.03,107229.95,107034.19,107122.81,97.24802
2025-06-27 02:00:00,107122.8,107236.23,107062.42,107217.93,52.61982
2025-06-27 02:15:00,107217.94,107287.28,107200.0,107215.93,71.05267
2025-06-27 02:30:00,107215.93,107278.49,107191.25,107255.44,74.96879
2025-06-27 02:45:00,107255.45,107300.0,107220.98,107253.6,78.69002
2025-06-27 03:00:00,107253.59,107347.65,107168.79,107168.79,118.29779
2025-06-27 03:15:00,107168.79,107351.22,107168.79,107332.37,106.54991
2025-06-27 03:30:00,107332.38,107515.28,107332.37,107460.91,99.46249
2025-06-27 03:45:00,107460.9,107515.27,107460.9,107477.76,47.60252
2025-06-27 04:00:00,107477.76,107497.33,107412.0,107427.72,60.36998
2025-06-27 04:15:00,107427.71,107434.42,107360.65,107413.83,85.48491
2025-06-27 04:30:00,107413.82,107504.11,107394.43,107457.23,81.88383
2025-06-27 04:45:00,107457.24,107568.68,107457.24,107497.06,55.03069
2025-06-27 05:00:00,107497.07,107550.0,107483.47,107528.16,38.85969
2025-06-27 05:15:00,107528.15,107528.16,107320.0,107327.79,95.91504
2025-06-27 05:30:00,107327.79,107383.99,107303.0,107329.99,111.96125
2025-06-27 05:45:00,107329.99,107359.79,107267.73,107267.74,38.39868
2025-06-27 06:00:00,107267.73,107371.0,107202.67,107368.03,49.16504
2025-06-27 06:15:00,107368.03,107385.24,107223.46,107270.39,25.72171
2025-06-27 06:30:00,107270.4,107356.27,107234.11,107325.85,31.40486
2025-06-27 06:45:00,107325.86,107375.55,107268.29,107278.82,81.11732
2025-06-27 07:00:00,107278.82,107492.0,107276.55,107492.0,85.21257
2025-06-27 07:15:00,107491.99,107735.34,107311.48,107344.0,122.27867
2025-06-27 07:30:00,107344.0,107344.01,106953.48,106964.47,456.28611
2025-06-27 07:45:00,106964.46,107012.22,106850.0,106869.71,526.96927
2025-06-27 08:00:00,106869.72,107033.01,106817.64,106889.06,217.20549
2025-06-27 08:15:00,106889.07,106889.07,106715.51,106715.52,150.36908
2025-06-27 08:30:00,106715.52,106851.09,106679.98,106808.7,186.91325
2025-06-27 08:45:00,106808.69,107087.85,106808.69,106998.53,202.00876
2025-06-27 09:00:00,106998.54,107009.32,106786.47,106811.09,276.78779
2025-06-27 09:15:00,106811.1,106935.01,106801.0,106826.98,319.79352
2025-06-27 09:30:00,106826.99,107073.64,106826.99,107038.68,298.43489
2025-06-27 09:45:00,107038.69,107137.64,107023.09,107083.8,116.47175
2025-06-27 10:00:00,107083.81,107159.95,106953.02,107010.09,95.77434
2025-06-27 10:15:00,107010.1,107122.91,106960.65,107000.69,87.25663
2025-06-27 10:30:00,107000.7,107058.25,106991.42,107015.35,67.51996
2025-06-27 10:45:00,107015.36,107074.06,106974.92,106995.32,77.87243
2025-06-27 11:00:00,106995.33,107045.66,106992.29,107009.12,62.79337
2025-06-27 11:15:00,107009.12,107147.83,106921.66,106921.85,61.11285
2025-06-27 11:30:00,106921.86,107010.7,106921.86,106998.13,34.50992
2025-06-27 11:45:00,106998.13,107039.44,106927.0,106983.6,63.25141
2025-06-27 12:00:00,106983.6,107026.54,106936.8,106975.92,43.96413
2025-06-27 12:15:00,106975.92,107200.0,106924.0,107176.42,73.00778
2025-06-27 12:30:00,107176.41,107176.42,106735.6,106756.03,268.03072
2025-06-27 12:45:00,106756.03,106842.6,106601.64,106692.9,104.4044
2025-06-27 13:00:00,106692.89,106841.68,106610.97,106793.0,119.96513
2025-06-27 13:15:00,106793.0,106830.63,106664.7,106702.3,79.96823
2025-06-27 13:30:00,106702.29,106982.4,106660.0,106855.0,120.70135
2025-06-27 13:45:00,106855.0,106855.01,106356.76,106820.99,292.93656
2025-06-27 14:00:00,106821.0,107105.43,106705.69,106708.88,692.18477
2025-06-27 14:15:00,106708.89,106766.17,106407.43,106498.66,548.60168
2025-06-27 14:30:00,106498.66,106681.53,106370.44,106542.9,499.47238
2025-06-27 14:45:00,106542.9,106639.41,106431.49,106557.79,365.9836
2025-06-27 15:00:00,106557.79,106688.0,106485.37,106578.36,97.26249
2025-06-27 15:15:00,106578.36,106792.6,106492.5,106781.82,81.72208
2025-06-27 15:30:00,106781.81,107249.0,106752.1,107187.02,149.06167
2025-06-27 15:45:00,107187.03,107407.14,107058.77,107308.25,167.26169
2025-06-27 16:00:00,107308.25,107379.86,107143.52,107174.96,96.13406
2025-06-27 16:15:00,107174.96,107328.28,107094.03,107288.69,99.71371
2025-06-27 16:30:00,107288.7,107709.22,107288.69,107461.05,355.52127
2025-06-27 16:45:00,107461.05,107564.45,107402.62,107480.1,127.35628
2025-06-27 17:00:00,107480.1,107497.16,107186.08,107208.52,97.89228
2025-06-27 17:15:00,107208.51,107294.63,106964.84,106981.85,97.63002
2025-06-27 17:30:00,106981.85,107049.99,106758.01,106766.3,86.9437
2025-06-27 17:45:00,106766.3,106918.2,106477.34,106875.75,218.7649
2025-06-27 18:00:00,106875.75,107000.0,106792.0,106802.54,78.13873
2025-06-27 18:15:00,106802.54,106918.0,106600.87,106681.53,69.87119
2025-06-27 18:30:00,106681.53,106698.6,106446.45,106554.25,210.67204
2025-06-27 18:45:00,106554.25,106704.61,106489.58,106704.6,82.15462
2025-06-27 19:00:00,106704.6,106892.01,106594.1,106860.5,96.93172
2025-06-27 19:15:00,106860.49,106860.79,106723.91,106786.52,64.88701
2025-06-27 19:30:00,106786.51,106825.0,106702.82,106810.18,51.27465
2025-06-27 19:45:00,106810.17,107020.66,106801.01,106801.02,153.59738
2025-06-27 20:00:00,106801.02,107104.0,106794.33,107024.44,96.36504
2025-06-27 20:15:00,107024.44,107091.51,106997.44,107033.33,62.40607
2025-06-27 20:30:00,107033.33,107104.0,107000.0,107103.92,51.87445
2025-06-27 20:45:00,107103.93,107130.36,107012.5,107119.5,43.88392
2025-06-27 21:00:00,107119.5,107238.54,107114.81,107172.96,73.29008
2025-06-27 21:15:00,107172.96,107192.25,107038.54,107169.59,55.09276
2025-06-27 21:30:00,107169.6,107277.99,107092.5,107113.5,71.26498
2025-06-27 21:45:00,107113.5,107173.47,107052.01,107052.01,31.51535
2025-06-27 22:00:00,107052.01,107166.59,107052.01,107166.58,31.45405
2025-06-27 22:15:00,107166.58,107190.21,107166.58,107178.18,37.65692
2025-06-27 22:30:00,107178.18,107178.18,107114.45,107119.61,52.28304
2025-06-27 22:45:00,107119.6,107131.49,107100.69,107100.7,27.4435
2025-06-27 23:00:00,107100.7,107171.23,107042.5,107146.3,47.80722
2025-06-27 23:15:00,107146.29,107146.3,106982.79,107015.83,55.6751
2025-06-27 23:30:00,107015.83,107020.0,106961.7,106983.89,30.11187
2025-06-27 23:45:00,106983.88,107057.12,106983.88,107047.59,35.86451
2025-06-28 00:00:00,107047.58,107057.12,106853.28,106853.28,69.80115
2025-06-28 00:15:00,106853.28,106970.82,106847.59,106951.28,79.81503
2025-06-28 00:30:00,106951.28,107088.34,106932.26,107077.17,92.49402
2025-06-28 00:45:00,107077.17,107176.68,107064.19,107064.19,42.79856
2025-06-28 01:00:00,107064.2,107064.2,106912.5,106912.5,53.3047
2025-06-28 01:15:00,106912.51,106933.23,106811.51,106835.27,43.89555
2025-06-28 01:30:00,106835.28,106999.0,106830.19,106991.71,47.90708
2025-06-28 01:45:00,106991.71,107129.33,106991.7,107066.19,48.27772
2025-06-28 02:00:00,107066.19,107125.68,107015.7,107063.4,61.57275
2025-06-28 02:15:00,107063.4,107178.97,107057.51,107178.15,37.51116
2025-06-28 02:30:00,107178.16,107200.0,107150.0,107150.0,43.22952
2025-06-28 02:45:00,107150.01,107150.01,107110.0,107110.0,12.14896
2025-06-28 03:00:00,107110.01,107110.01,107080.27,107080.28,28.80953
2025-06-28 03:15:00,107080.27,107181.84,107080.27,107179.13,34.13946
2025-06-28 03:30:00,107179.14,107233.53,107179.13,107220.32,34.26546
2025-06-28 03:45:00,107220.32,107347.1,107220.31,107300.13,45.07639
2025-06-28 04:00:00,107300.13,107310.9,107244.99,107245.0,39.52271
2025-06-28 04:15:00,107245.0,107245.0,107183.46,107230.18,21.22348
2025-06-28 04:30:00,107230.19,107230.19,107183.29,107204.11,18.66824
2025-06-28 04:45:00,107204.11,107204.11,107186.77,107191.19,13.24694
2025-06-28 05:00:00,107191.2,107317.0,107185.32,107294.01,40.57402
2025-06-28 05:15:00,107294.01,107300.0,107264.68,107264.69,14.67398
2025-06-28 05:30:00,107264.69,107296.42,107264.68,107273.11,22.89626
2025-06-28 05:45:00,107273.11,107294.81,107259.42,107294.8,49.40778
2025-06-28 06:00:00,107294.81,107383.33,107294.8,107383.33,30.72575
2025-06-28 06:15:00,107383.33,107449.07,107383.32,107449.07,30.26534
2025-06-28 06:30:00,107449.06,107449.07,107383.62,107396.99,42.79413
2025-06-28 06:45:00,107396.98,107412.07,107379.61,107412.07,15.83715
2025-06-28 07:00:00,107412.07,107418.82,107400.68,107400.68,24.11984
2025-06-28 07:15:00,107400.68,107441.86,107400.68,107441.85,61.54367
2025-06-28 07:30:00,107441.86,107466.28,107441.85,107461.49,42.21938
2025-06-28 07:45:00,107461.49,107496.12,107448.42,107485.0,29.90292
2025-06-28 08:00:00,107485.01,107493.07,107382.76,107382.76,29.88254
2025-06-28 08:15:00,107382.76,107473.01,107370.01,107422.67,29.64646
2025-06-28 08:30:00,107422.66,107422.67,107373.01,107373.02,15.42221
2025-06-28 08:45:00,107373.02,107380.0,107347.85,107379.99,25.68595
2025-06-28 09:00:00,107380.0,107380.0,107296.84,107309.19,26.61276
2025-06-28 09:15:00,107309.2,107327.0,107296.6,107327.0,24.79717
2025-06-28 09:30:00,107327.0,107327.0,107275.0,107283.83,37.93806
2025-06-28 09:45:00,107283.83,107308.0,107283.82,107307.99,19.98954
2025-06-28 10:00:00,107308.0,107329.5,107300.07,107300.07,25.08209
2025-06-28 10:15:00,107300.07,107376.89,107300.07,107329.22,33.59984
2025-06-28 10:30:00,107329.22,107359.79,107264.5,107291.86,31.45213
2025-06-28 10:45:00,107291.86,107292.11,107252.6,107274.41,27.34473
2025-06-28 11:00:00,107274.41,107290.8,107270.37,107270.38,23.10221
2025-06-28 11:15:00,107270.37,107290.02,107270.37,107290.01,18.80102
2025-06-28 11:30:00,107290.02,107346.06,107285.42,107338.88,30.07139
2025-06-28 11:45:00,107338.89,107373.4,107338.88,107373.39,16.8703
2025-06-28 12:00:00,107373.39,107373.4,107350.0,107350.0,38.98149
2025-06-28 12:15:00,107350.0,107350.01,107292.44,107292.45,22.47498
2025-06-28 12:30:00,107292.45,107316.97,107292.44,107316.97,20.83389
2025-06-28 12:45:00,107316.96,107347.65,107305.26,107341.34,26.73239
2025-06-28 13:00:00,107341.34,107354.82,107323.43,107328.43,26.66942
2025-06-28 13:15:00,107328.44,107328.44,107183.83,107183.83,59.81674
2025-06-28 13:30:00,107183.84,107183.84,107084.15,107114.08,99.86888
2025-06-28 13:45:00,107114.08,107121.0,107100.99,107101.78,36.31628
2025-06-28 14:00:00,107101.79,107176.7,107101.78,107176.7,31.41632
2025-06-28 14:15:00,107176.7,107258.35,107176.69,107239.1,44.26141
2025-06-28 14:30:00,107239.1,107257.76,107200.0,107208.12,30.7617
2025-06-28 14:45:00,107208.11,107208.12,107204.8,107204.8,22.43483
2025-06-28 15:00:00,107204.81,107238.85,107204.8,107238.85,23.83627
2025-06-28 15:15:00,107238.85,107238.85,107190.21,107190.22,30.17983
2025-06-28 15:30:00,107190.22,107283.27,107190.21,107283.26,38.22271
2025-06-28 15:45:00,107283.27,107577.75,107283.26,107449.28,162.06678
2025-06-28 16:00:00,107449.28,107520.32,107380.74,107431.48,73.42602
2025-06-28 16:15:00,107431.48,107432.1,107253.22,107315.45,67.20397
2025-06-28 16:30:00,107315.45,107450.27,107275.0,107309.61,48.51196
2025-06-28 16:45:00,107309.61,107309.62,107263.81,107295.84,26.12363
2025-06-28 17:00:00,107295.85,107370.19,107295.13,107367.12,18.09498
2025-06-28 17:15:00,107367.13,107367.13,107301.0,107324.01,13.2235
2025-06-28 17:30:00,107324.02,107426.08,107314.05,107413.25,31.4537
2025-06-28 17:45:00,107413.24,107542.5,107394.12,107465.12,53.5233
2025-06-28 18:00:00,107465.13,107465.13,107388.5,107416.91,27.68375
2025-06-28 18:15:00,107416.91,107431.5,107343.24,107348.5,31.62056
2025-06-28 18:30:00,107348.51,107367.22,107292.0,107292.0,18.33736
2025-06-28 18:45:00,107292.0,107318.0,107260.64,107318.0,20.18196
2025-06-28 19:00:00,107318.0,107318.0,107300.03,107311.73,10.38579
2025-06-28 19:15:00,107311.73,107339.38,107300.0,107300.01,15.09137
2025-06-28 19:30:00,107300.01,107300.01,107250.0,107255.01,24.52461
2025-06-28 19:45:00,107255.0,107255.01,107225.74,107225.74,19.70315
2025-06-28 20:00:00,107225.74,107225.75,107168.34,107174.77,29.23672
2025-06-28 20:15:00,107174.77,107235.4,107154.62,107235.4,18.89895
2025-06-28 20:30:00,107235.4,107235.4,107187.49,107187.5,14.17103
2025-06-28 20:45:00,107187.49,107203.71,107169.52,107169.52,18.10009
2025-06-28 21:00:00,107169.52,107220.0,107169.52,107194.0,19.93579
2025-06-28 21:15:00,107194.0,107255.62,107194.0,107255.61,14.02122
2025-06-28 21:30:00,107255.62,107300.0,107255.61,107271.25,30.41852
2025-06-28 21:45:00,107271.25,107347.65,107235.83,107331.38,17.79882
2025-06-28 22:00:00,107331.37,107373.53,107257.09,107258.36,49.75639
2025-06-28 22:15:00,107258.37,107306.9,107258.36,107300.46,29.76766
2025-06-28 22:30:00,107300.46,107369.68,107290.0,107369.67,25.31448
2025-06-28 22:45:00,107369.67,107378.37,107347.5,107370.61,36.75861
2025-06-28 23:00:00,107370.61,107370.62,107334.17,107334.17,20.07798
2025-06-28 23:15:00,107334.18,107334.18,107313.0,107313.01,19.05981
2025-06-28 23:30:00,107313.0,107313.01,107288.15,107288.16,15.00017
2025-06-28 23:45:00,107288.15,107304.32,107282.72,107296.79,20.92672
2025-06-29 00:00:00,107296.79,107296.79,107254.16,107262.52,21.17622
2025-06-29 00:15:00,107262.52,107475.75,107262.52,107431.48,58.34192
2025-06-29 00:30:00,107431.47,107460.0,107367.06,107412.29,33.19324
2025-06-29 00:45:00,107412.29,107500.0,107401.55,107475.92,103.52538
2025-06-29 01:00:00,107475.91,107475.92,107404.26,107404.26,16.56058
2025-06-29 01:15:00,107404.27,107424.46,107402.17,107423.89,36.60038
2025-06-29 01:30:00,107423.89,107423.9,107360.0,107360.01,26.42828
2025-06-29 01:45:00,107360.0,107360.01,107310.53,107311.0,21.66809
2025-06-29 02:00:00,107311.0,107311.01,107172.52,107230.74,44.60999
2025-06-29 02:15:00,107230.73,107244.0,107192.5,107231.18,43.86945
2025-06-29 02:30:00,107231.17,107355.06,107210.26,107315.46,38.90068
2025-06-29 02:45:00,107315.45,107315.45,107301.19,107307.48,15.96096
2025-06-29 03:00:00,107307.47,107307.48,107268.38,107271.63,13.61526
2025-06-29 03:15:00,107271.62,107293.22,107267.48,107284.52,17.47731
2025-06-29 03:30:00,107284.53,107284.53,107190.0,107190.01,24.27943
2025-06-29 03:45:00,107190.0,107210.78,107189.86,107210.78,17.82736
2025-06-29 04:00:00,107210.78,107243.35,107210.77,107243.35,19.18879
2025-06-29 04:15:00,107243.35,107243.35,107237.52,107237.52,12.38307
2025-06-29 04:30:00,107237.53,107237.53,107237.52,107237.53,3.98538
2025-06-29 04:45:00,107237.52,107272.77,107237.52,107264.15,20.10587
2025-06-29 05:00:00,107264.16,107264.16,107238.33,107242.69,15.5041
2025-06-29 05:15:00,107242.69,107242.69,107220.0,107220.0,14.7254
2025-06-29 05:30:00,107220.01,107241.44,107205.82,107241.43,14.06361
2025-06-29 05:45:00,107241.43,107310.0,107241.43,107309.99,21.68516
2025-06-29 06:00:00,107310.0,107316.9,107309.99,107316.9,10.17877
2025-06-29 06:15:00,107316.9,107350.01,107316.89,107334.8,31.32188
2025-06-29 06:30:00,107334.8,107349.66,107334.79,107339.52,21.8494
2025-06-29 06:45:00,107339.53,107385.92,107339.52,107376.95,41.48225
2025-06-29 07:00:00,107376.96,107387.98,107347.64,107361.4,40.56933
2025-06-29 07:15:00,107361.41,107361.41,107343.99,107344.0,19.82245
2025-06-29 07:30:00,107344.0,107344.0,107330.0,107330.01,17.43523
2025-06-29 07:45:00,107330.01,107402.18,107330.0,107402.18,36.27594
2025-06-29 08:00:00,107402.17,107492.0,107402.17,107449.33,53.48377
2025-06-29 08:15:00,107449.32,107449.33,107426.65,107449.33,18.52416
2025-06-29 08:30:00,107449.33,107719.58,107449.32,107685.5,185.65392
2025-06-29 08:45:00,107685.5,107719.58,107670.12,107693.85,59.82584
2025-06-29 09:00:00,107693.85,107800.0,107627.49,107733.48,117.0706
2025-06-29 09:15:00,107733.48,107805.0,107733.48,107796.0,76.13005
2025-06-29 09:30:00,107796.01,107950.0,107796.0,107925.64,141.28139
2025-06-29 09:45:00,107925.63,107972.74,107842.21,107891.64,82.55275
2025-06-29 10:00:00,107891.64,108176.27,107891.63,108153.96,298.17934
2025-06-29 10:15:00,108153.96,108297.89,108081.42,108138.55,205.86529
2025-06-29 10:30:00,108138.54,108172.15,108000.0,108000.01,124.23653
2025-06-29 10:45:00,108000.0,108234.5,107849.61,108153.26,161.66629
2025-06-29 11:00:00,108153.25,108191.19,108111.82,108111.83,81.48694
2025-06-29 11:15:00,108111.83,108179.62,108096.56,108151.52,87.09428
2025-06-29 11:30:00,108151.51,108227.07,108151.51,108196.0,70.32426
2025-06-29 11:45:00,108196.0,108484.0,108195.99,108477.11,225.55226
2025-06-29 12:00:00,108477.12,108528.5,108150.0,108176.43,214.38527
2025-06-29 12:15:00,108176.42,108305.81,108176.42,108207.79,55.55245
2025-06-29 12:30:00,108207.79,108228.28,108033.0,108034.5,62.71678
2025-06-29 12:45:00,108034.5,108189.88,108034.5,108189.88,41.7712
2025-06-29 13:00:00,108189.88,108228.28,108127.03,108145.0,84.13928
2025-06-29 13:15:00,108144.99,108156.69,108087.0,108111.05,49.53586
2025-06-29 13:30:00,108111.04,108181.2,108012.82,108152.57,78.1335
2025-06-29 13:45:00,108152.57,108183.81,108036.21,108051.52,42.78841
2025-06-29 14:00:00,108051.53,108207.6,108051.52,108207.59,39.35782
2025-06-29 14:15:00,108207.59,108215.12,108074.09,108086.44,36.65141
2025-06-29 14:30:00,108086.45,108086.45,107777.77,107860.01,164.11431
2025-06-29 14:45:00,107860.01,107975.0,107796.0,107948.08,106.05125
2025-06-29 15:00:00,107948.07,108034.13,107828.0,108001.24,100.32891
2025-06-29 15:15:00,108001.23,108001.24,107875.71,107922.78,96.34445
2025-06-29 15:30:00,107922.77,107959.91,107886.6,107903.56,41.7314
2025-06-29 15:45:00,107903.56,107903.56,107650.0,107750.72,106.85664
2025-06-29 16:00:00,107750.72,107792.05,107633.85,107671.88,106.29479
2025-06-29 16:15:00,107671.89,107756.68,107468.83,107524.28,186.06863
2025-06-29 16:30:00,107524.27,107620.0,107470.67,107490.57,123.81788
2025-06-29 16:45:00,107490.58,107605.56,107320.0,107552.03,128.92219
2025-06-29 17:00:00,107552.03,107592.17,107515.48,107561.56,78.66139
2025-06-29 17:15:00,107561.56,107567.67,107400.0,107402.18,66.74491
2025-06-29 17:30:00,107402.18,107438.0,107316.46,107379.86,94.62818
2025-06-29 17:45:00,107379.86,107544.44,107353.55,107544.44,101.2455
2025-06-29 18:00:00,107544.44,107544.44,107445.4,107445.4,57.10488
2025-06-29 18:15:00,107445.41,107632.5,107445.4,107627.99,76.33684
2025-06-29 18:30:00,107628.0,107647.81,107571.73,107636.33,28.85942
2025-06-29 18:45:00,107636.34,107718.02,107636.33,107640.01,32.87784
2025-06-29 19:00:00,107640.01,107640.01,107529.34,107548.99,25.26557
2025-06-29 19:15:00,107549.0,107567.27,107505.63,107546.85,16.04944
2025-06-29 19:30:00,107546.84,107567.82,107385.5,107391.99,38.36417
2025-06-29 19:45:00,107391.99,107452.66,107365.96,107406.81,27.28787
2025-06-29 20:00:00,107406.8,107411.32,107381.89,107408.64,26.37806
2025-06-29 20:15:00,107408.63,107494.06,107408.63,107478.97,27.43496
2025-06-29 20:30:00,107478.98,107478.98,107439.62,107439.62,16.62705
2025-06-29 20:45:00,107439.63,107469.5,107359.78,107359.79,57.46861
2025-06-29 21:00:00,107359.79,107476.0,107250.0,107413.42,111.22882
2025-06-29 21:15:00,107413.42,107566.46,107402.17,107528.67,39.90832
2025-06-29 21:30:00,107528.68,107734.59,107528.67,107700.0,43.04691
2025-06-29 21:45:00,107700.0,107700.01,107501.51,107543.48,60.63209
2025-06-29 22:00:00,107543.48,107808.98,107543.48,107802.09,113.2571
2025-06-29 22:15:00,107802.09,108032.88,107802.09,108023.81,138.37257
2025-06-29 22:30:00,108023.81,108230.7,107830.02,108118.99,160.94125
2025-06-29 22:45:00,108119.0,108277.23,108056.08,108079.9,150.00927
2025-06-29 23:00:00,108079.91,108261.66,108013.28,108054.26,102.69338
2025-06-29 23:15:00,108054.25,108426.0,108024.12,108388.99,190.22441
2025-06-29 23:30:00,108388.99,108436.47,108300.0,108300.01,133.57727
2025-06-29 23:45:00,108300.0,108415.51,108300.0,108356.93,87.40906
2025-06-30 00:00:00,108356.93,108450.0,108255.81,108439.9,159.85185
2025-06-30 00:15:00,108439.91,108688.0,108366.95,108649.33,267.16399
2025-06-30 00:30:00,108649.33,108789.99,108573.16,108750.66,166.38176
2025-06-30 00:45:00,108750.67,108783.92,108626.36,108713.81,101.79685
2025-06-30 01:00:00,108713.8,108713.81,108396.18,108507.15,118.28149
2025-06-30 01:15:00,108507.16,108694.93,108507.16,108677.78,70.16029
2025-06-30 01:30:00,108677.78,108770.0,108677.78,108759.98,81.71471
2025-06-30 01:45:00,108759.97,108768.0,108480.27,108493.93,84.47449
2025-06-30 02:00:00,108493.92,108572.41,108450.0,108571.41,64.1919
2025-06-30 02:15:00,108571.41,108652.0,108517.0,108587.99,64.48598
2025-06-30 02:30:00,108587.99,108637.5,108520.0,108615.44,64.07665
2025-06-30 02:45:00,108615.43,108615.43,108445.01,108479.81,90.94717
2025-06-30 03:00:00,108479.99,108580.0,108463.05,108475.81,69.4969
2025-06-30 03:15:00,108475.81,108522.94,108419.56,108461.96,70.17679
2025-06-30 03:30:00,108461.95,108540.0,108461.94,108525.0,45.33856
2025-06-30 03:45:00,108524.99,108549.0,108487.35,108503.74,45.62889
2025-06-30 04:00:00,108503.74,108538.76,108481.77,108498.26,61.23662
2025-06-30 04:15:00,108498.25,108511.48,108425.01,108446.31,52.81473
2025-06-30 04:30:00,108446.31,108446.32,108368.0,108368.0,55.55028
2025-06-30 04:45:00,108368.0,108412.79,108301.6,108314.99,95.41267
2025-06-30 05:00:00,108314.98,108380.0,108300.0,108370.11,62.45879
2025-06-30 05:15:00,108370.12,108370.12,108342.09,108342.09,6.48303
